imagen,calidad
25683TD.jpg,4
31420TD.jpg,4
32094TD.jpg,5
36174TD.jpg,5
38950TD.jpg,5
40321TD.jpg,5
42368TD.jpg,5
44689TD.jpg,5
45768TD.jpg,5
47224TD.jpg,5
50077TD.jpg,1
54116TD.jpg,4
60716TD.jpg,5
62612TD.jpg,5
63027TD.jpg,5
71924TD.jpg,5
80336TD.jpg,5
89279TD.jpg,5
94401TD.jpg,5
116500TD.jpg,5
118741TD.jpg,4
120948TD.jpg,4
124043TD.jpg,5
124554TD.jpg,1
126661TD.jpg,5
127396TD.jpg,5
141770TD.jpg,5
151663TD.jpg,5
158979TD.jpg,4
170692TD.jpg,5
175991TD.jpg,5
175999TD.jpg,5
186692TD.jpg,5
196367TD.jpg,5
198336TD.jpg,5
205809TD.jpg,4
207852TD.jpg,5
213529TD.jpg,5
223185TD.jpg,5
224007TD.jpg,5
238098TD.jpg,5
250413TD.jpg,2
252193TD.jpg,5
254998TD.jpg,5
256317TD.jpg,5
264526TD.jpg,5
267428TD.jpg,5
273006TD.jpg,5
274720TD.jpg,5
278146TD.jpg,5
289215TD.jpg,5
292557TD.jpg,5
305021TD.jpg,5
310482TD.jpg,5
315483TD.jpg,1
323220TD.jpg,5
329658TD.jpg,5
330782TD.jpg,5
334488TD.jpg,5
336473TD.jpg,5
338760TD.jpg,5
342130TD.jpg,5
363005TD.jpg,5
365017TD.jpg,5
379702TD.jpg,5
411675TD.jpg,3
423011TD.jpg,5
430554TD.jpg,5
434169TD.jpg,5
441231TD.jpg,5
441914TD.jpg,4
442507TD.jpg,4
461461TD.jpg,5
489959TD.jpg,5
514506TD.jpg,5
516892TD.jpg,5
517191TD.jpg,5
519801TD.jpg,5
519967TD.jpg,5
527767TD.jpg,5
25683TI.jpg,5
31420TI.jpg,4
32094TI.jpg,5
36174TI.jpg,1
38950TI.jpg,5
40321TI.jpg,5
42368TI.jpg,5
44689TI.jpg,5
45768TI.jpg,5
47224TI.jpg,5
50077TI.jpg,1
54116TI.jpg,4
60716TI.jpg,5
62612TI.jpg,5
63027TI.jpg,5
71924TI.jpg,5
80336TI.jpg,5
89279TI.jpg,5
94401TI.jpg,5
116500TI.jpg,5
118741TI.jpg,5
120948TI.jpg,5
124043TI.jpg,5
124554TI.jpg,2
126661TI.jpg,5
127396TI.jpg,5
141770TI.jpg,5
151663TI.jpg,1
158979TI.jpg,4
170692TI.jpg,5
175991TI.jpg,4
175999TI.jpg,5
186692TI.jpg,5
196367TI.jpg,5
198336TI.jpg,5
205809TI.jpg,5
207852TI.jpg,5
213529TI.jpg,4
223185TI.jpg,5
224007TI.jpg,5
238098TI.jpg,5
244652TI.jpg,5
250413TI.jpg,5
252193TI.jpg,5
254998TI.jpg,5
264526TI.jpg,5
267428TI.jpg,5
273006TI.jpg,4
274720TI.jpg,5
278146TI.jpg,5
289215TI.jpg,5
292557TI.jpg,5
305021TI.jpg,5
310482TI.jpg,5
315483TI.jpg,4
323220TI.jpg,5
329658TI.jpg,5
330782TI.jpg,5
334488TI.jpg,5
336473TI.jpg,5
338760TI.jpg,5
342130TI.jpg,5
363005TI.jpg,5
365017TI.jpg,5
379702TI.jpg,5
411675TI.jpg,4
423011TI.jpg,5
430554TI.jpg,5
434169TI.jpg,5
441231TI.jpg,5
441914TI.jpg,5
442507TI.jpg,5
461461TI.jpg,5
489959TI.jpg,5
514506TI.jpg,5
516892TI.jpg,5
517191TI.jpg,5
519801TI.jpg,5
519967TI.jpg,5
527767TI.jpg,5
25683ED.PNG,2
31420ED.PNG,4
32094ED.PNG,1
36174ED.PNG,4
38950ED.PNG,3
40321ED.PNG,4
42368ED.PNG,3
44689ED.PNG,4
45768ED.PNG,4
47224ED.PNG,3
50077ED.PNG,2
54116ED.PNG,4
60716ED.PNG,3
62612ED.PNG,3
63027ED.PNG,4
71924ED.PNG,4
80336ED.PNG,4
89279ED.PNG,4
94401ED.PNG,5
116500ED.PNG,4
118741ED.PNG,4
120948ED.PNG,4
124043ED.PNG,4
124554ED.PNG,1
126661ED.PNG,4
127396ED.PNG,2
141770ED.PNG,4
151663ED.PNG,4
158979ED.PNG,3
170692ED.PNG,3
175991ED.PNG,3
175999ED.PNG,5
196367ED.PNG,4
198336ED.PNG,4
205809ED.PNG,1
207852ED.PNG,5
213529ED.PNG,1
223185ED.PNG,4
224007ED.PNG,4
238098ED.PNG,3
250413ED.PNG,3
252193ED.PNG,5
254998ED.PNG,1
256317ED.PNG,4
264526ED.PNG,5
267428ED.PNG,4
273006ED.PNG,4
274720ED.PNG,5
278146ED.PNG,4
289215ED.PNG,5
292557ED.PNG,4
305021ED.PNG,4
310482ED.PNG,5
323220ED.PNG,3
329658ED.PNG,4
330782ED.PNG,4
334488ED.PNG,5
336473ED.PNG,3
338760ED.PNG,4
342130ED.PNG,3
363005ED.PNG,4
365017ED.PNG,1
379702ED.PNG,2
411675ED.PNG,1
423011ED.PNG,4
430554ED.PNG,4
434169ED.PNG,4
441231ED.PNG,4
441914ED.PNG,4
442507ED.PNG,5
461461ED.PNG,4
489959ED.PNG,5
514506ED.PNG,3
516892ED.PNG,3
517191ED.PNG,4
519801ED.PNG,4
519967ED.PNG,4
527767ED.PNG,4
25683EI.PNG,2
31420EI.PNG,4
32094EI.PNG,4
36174EI.PNG,2
38950EI.PNG,4
40321EI.PNG,4
42368EI.PNG,3
44689EI.PNG,4
45768EI.PNG,4
47224EI.PNG,3
50077EI.PNG,2
54116EI.PNG,4
60716EI.PNG,4
62612EI.PNG,4
63027EI.PNG,4
71924EI.PNG,4
80336EI.PNG,4
89279EI.PNG,4
94401EI.PNG,4
116500EI.PNG,4
118741EI.PNG,4
120948EI.PNG,4
124043EI.PNG,4
124554EI.PNG,3
126661EI.PNG,4
127396EI.PNG,4
141770EI.PNG,4
151663EI.PNG,1
158979EI.PNG,4
170692EI.PNG,5
175991EI.PNG,3
175999EI.PNG,5
186692EI.PNG,5
196367EI.PNG,5
198336EI.PNG,5
205809EI.PNG,5
207852EI.PNG,5
213529EI.PNG,4
223185EI.PNG,4
224007EI.PNG,3
238098EI.PNG,4
244652EI.PNG,5
250413EI.PNG,4
252193EI.PNG,5
254998EI.PNG,1
264526EI.PNG,5
267428EI.PNG,4
273006EI.PNG,3
278146EI.PNG,4
289215EI.PNG,5
292557EI.PNG,4
305021EI.PNG,4
310482EI.PNG,4
315483EI.PNG,4
323220EI.PNG,4
329658EI.PNG,4
330782EI.PNG,4
334488EI.PNG,4
336473EI.PNG,4
338760EI.PNG,5
342130EI.PNG,5
363005EI.PNG,4
365017EI.PNG,4
411675EI.PNG,4
423011EI.PNG,5
430554EI.PNG,4
434169EI.PNG,5
441231EI.PNG,4
441914EI.PNG,5
442507EI.PNG,4
461461EI.PNG,4
489959EI.PNG,4
514506EI.PNG,2
516892EI.PNG,3
517191EI.PNG,5
519801EI.PNG,5
519967EI.PNG,5
527767EI.PNG,4
25683GD.png,1
31420GD.png,1
32094GD.png,4
38950GD.png,3
40321GD.png,5
42368GD.png,3
44689GD.png,4
45768GD.png,3
47224GD.png,1
50077GD.png,1
54116GD.png,4
60716GD.png,3
62612GD.png,4
63027GD.png,3
71924GD.png,1
80336GD.png,2
94401GD.png,5
118741GD.png,2
120948GD.png,2
124043GD.png,2
124554GD.png,1
126661GD.png,5
141770GD.png,5
158979GD.png,2
170692GD.png,5
175999GD.png,4
186692GD.png,5
196367GD.png,4
198336GD.png,5
205809GD.png,1
207852GD.png,4
213529GD.png,4
223185GD.png,3
224007GD.png,2
238098GD.png,3
250413GD.png,5
252193GD.png,4
254998GD.png,2
256317GD.png,3
264526GD.png,4
267428GD.png,5
273006GD.png,4
274720GD.png,5
278146GD.png,5
289215GD.png,4
292557GD.png,4
305021GD.png,4
310482GD.png,4
315483GD.png,1
323220GD.png,2
329658GD.png,5
330782GD.png,4
334488GD.png,5
338760GD.png,4
342130GD.png,4
363005GD.png,4
365017GD.png,5
379702GD.png,1
423011GD.png,3
430554GD.png,4
434169GD.png,3
441231GD.png,4
441914GD.png,3
442507GD.png,4
461461GD.png,4
489959GD.png,4
514506GD.png,3
516892GD.png,3
517191GD.png,4
519801GD.png,5
527767GD.png,3
25683GI.png,1
32094GI.png,3
38950GI.png,4
40321GI.png,5
42368GI.png,2
44689GI.png,5
45768GI.png,5
47224GI.png,1
50077GI.png,1
54116GI.png,5
60716GI.png,3
62612GI.png,4
63027GI.png,5
71924GI.png,1
80336GI.png,3
94401GI.png,5
118741GI.png,3
120948GI.png,4
124043GI.png,1
124554GI.png,3
126661GI.png,5
141770GI.png,3
151663GI.png,3
158979GI.png,3
170692GI.png,4
175999GI.png,5
186692GI.png,5
196367GI.png,4
198336GI.png,5
205809GI.png,5
207852GI.png,5
213529GI.png,5
223185GI.png,4
224007GI.png,3
238098GI.png,3
244652GI.png,5
250413GI.png,5
252193GI.png,5
254998GI.png,3
264526GI.png,4
267428GI.png,5
273006GI.png,5
274720GI.png,4
278146GI.png,4
289215GI.png,5
292557GI.png,4
305021GI.png,3
310482GI.png,5
315483GI.png,5
323220GI.png,3
329658GI.png,5
330782GI.png,5
334488GI.png,5
338760GI.png,5
342130GI.png,5
363005GI.png,4
365017GI.png,4
423011GI.png,3
434169GI.png,5
441231GI.png,5
441914GI.png,4
442507GI.png,4
489959GI.png,5
514506GI.png,2
516892GI.png,3
517191GI.png,2
519801GI.png,5
527767GI.png,2